<data><item id='1'><title><![CDATA[The Shawshank Redemption]]></title><year><![CDATA[1994]]></year><votes><![CDATA[678,79]]></votes><rating><![CDATA[9,2]]></rating> <rank><![CDATA[1]]></rank>
</item><item id='2'><title><![CDATA[The Godfather]]></title> <year><![CDATA[1972]]></year> <votes><![CDATA[511,495]]></votes> <rating><![CDATA[9,2]]></rating> <rank><![CDATA[2]]></rank> </item> <item id='3'><title><![CDATA[The Godfather: Part II]]></title> <year><![CDATA[1974]]></year> <votes><![CDATA[319,352]]></votes> <rating><![CDATA[9]]></rating> <rank><![CDATA[3]]></rank> </item> <item id='4'><title><![CDATA[The Good, the Bad and the Ugly]]></title> <year><![CDATA[1966]]></year> <votes><![CDATA[213,03]]></votes> <rating><![CDATA[8,9]]></rating> <rank><![CDATA[4]]></rank> </item> <item id='5'><title><![CDATA[Pulp Fiction]]></title> <year><![CDATA[1994]]></year> <votes><![CDATA[533,848]]></votes> <rating><![CDATA[8,9]]></rating> <rank><![CDATA[5]]></rank> </item> <item id='6'><title><![CDATA[12 Angry Men]]></title> <year><![CDATA[1957]]></year> <votes><![CDATA[164,558]]></votes> <rating><![CDATA[8,9]]></rating> <rank><![CDATA[6]]></rank> </item> <item id='7'><title><![CDATA[Schindler's List]]></title> <year><![CDATA[1993]]></year> <votes><![CDATA[355,638]]></votes> <rating><![CDATA[8,9]]></rating> <rank><![CDATA[7]]></rank> </item> <item id='8'><title><![CDATA[One Flew Over the Cuckoo's Nest]]></title> <year><![CDATA[1975]]></year> <votes><![CDATA[283,176]]></votes> <rating><![CDATA[8,8]]></rating> <rank><![CDATA[8]]></rank> </item> <item id='9'><title><![CDATA[The Dark Knight]]></title> <year><![CDATA[2008]]></year> <votes><![CDATA[612,37]]></votes> <rating><![CDATA[8,8]]></rating> <rank><![CDATA[9]]></rank> </item> <item id='10'><title><![CDATA[The Lord of the Rings: The Return of the Kin]]></title> <year><![CDATA[2003]]></year> <votes><![CDATA[472,843]]></votes> <rating><![CDATA[8,8]]></rating> <rank><![CDATA[10]]></rank> </item> <item id='11'><title><![CDATA[Star Wars: Episode V - The Empire Strikes Bac]]></title> <year><![CDATA[1980]]></year> <votes><![CDATA[348,012]]></votes> <rating><![CDATA[8,8]]></rating> <rank><![CDATA[11]]></rank> </item> <item id='12'><title><![CDATA[Inception]]></title> <year><![CDATA[2010]]></year> <votes><![CDATA[458,693]]></votes> <rating><![CDATA[8,8]]></rating> <rank><![CDATA[12]]></rank> </item> <item id='13'><title><![CDATA[Fight Club]]></title> <year><![CDATA[1999]]></year> <votes><![CDATA[507,723]]></votes> <rating><![CDATA[8,8]]></rating> <rank><![CDATA[13]]></rank> </item> <item id='14'><title><![CDATA[Seven Samurai]]></title> <year><![CDATA[1954]]></year> <votes><![CDATA[118,925]]></votes> <rating><![CDATA[8,8]]></rating> <rank><![CDATA[14]]></rank> </item> <item id='15'><title><![CDATA[Goodfellas]]></title> <year><![CDATA[1990]]></year> <votes><![CDATA[299,349]]></votes> <rating><![CDATA[8,7]]></rating> <rank><![CDATA[15]]></rank> </item> <item id='16'><title><![CDATA[The Lord of the Rings: The Fellowship of the Rin]]></title> <year><![CDATA[2001]]></year> <votes><![CDATA[494,003]]></votes> <rating><![CDATA[8,7]]></rating> <rank><![CDATA[16]]></rank> </item> <item id='17'><title><![CDATA[Star Wars]]></title> <year><![CDATA[1977]]></year> <votes><![CDATA[393,087]]></votes> <rating><![CDATA[8,7]]></rating> <rank><![CDATA[17]]></rank> </item> <item id='18'><title><![CDATA[City of God]]></title> <year><![CDATA[2002]]></year> <votes><![CDATA[222,818]]></votes> <rating><![CDATA[8,7]]></rating> <rank><![CDATA[18]]></rank> </item> <item id='19'><title><![CDATA[Casablanca]]></title> <year><![CDATA[1942]]></year> <votes><![CDATA[202,051]]></votes> <rating><![CDATA[8,7]]></rating> <rank><![CDATA[19]]></rank> </item> <item id='20'><title><![CDATA[Once Upon a Time in the West]]></title> <year><![CDATA[1968]]></year> <votes><![CDATA[97,931]]></votes> <rating><![CDATA[8,7]]></rating> <rank><![CDATA[20]]></rank> </item> <item id='21'><title><![CDATA[The Matrix]]></title> <year><![CDATA[1999]]></year> <votes><![CDATA[492,325]]></votes> <rating><![CDATA[8,7]]></rating> <rank><![CDATA[21]]></rank> </item> <item id='22'><title><![CDATA[Rear Window]]></title> <year><![CDATA[1954]]></year> <votes><![CDATA[148,162]]></votes> <rating><![CDATA[8,7]]></rating> <rank><![CDATA[22]]></rank> </item> <item id='23'><title><![CDATA[Raiders of the Lost Ark]]></title> <year><![CDATA[1981]]></year> <votes><![CDATA[300,252]]></votes> <rating><![CDATA[8,7]]></rating> <rank><![CDATA[23]]></rank> </item> <item id='24'><title><![CDATA[The Silence of the Lambs]]></title> <year><![CDATA[1991]]></year> <votes><![CDATA[324,419]]></votes> <rating><![CDATA[8,7]]></rating> <rank><![CDATA[24]]></rank> </item> <item id='25'><title><![CDATA[The Usual Suspects]]></title> <year><![CDATA[1995]]></year> <votes><![CDATA[331,99]]></votes> <rating><![CDATA[8,7]]></rating> <rank><![CDATA[25]]></rank> </item> <item id='26'><title><![CDATA[Psycho]]></title> <year><![CDATA[1960]]></year> <votes><![CDATA[182,319]]></votes> <rating><![CDATA[8,6]]></rating> <rank><![CDATA[26]]></rank> </item> <item id='27'><title><![CDATA[Se7en]]></title> <year><![CDATA[1995]]></year> <votes><![CDATA[380,479]]></votes> <rating><![CDATA[8,6]]></rating> <rank><![CDATA[27]]></rank> </item> <item id='28'><title><![CDATA[Forrest Gump]]></title> <year><![CDATA[1994]]></year> <votes><![CDATA[416,066]]></votes> <rating><![CDATA[8,6]]></rating> <rank><![CDATA[28]]></rank> </item> <item id='29'><title><![CDATA[The Lord of the Rings: The Two Towers]]></title> <year><![CDATA[2002]]></year> <votes><![CDATA[423,855]]></votes> <rating><![CDATA[8,6]]></rating> <rank><![CDATA[29]]></rank> </item> <item id='30'><title><![CDATA[It's a Wonderful Life]]></title> <year><![CDATA[1946]]></year> <votes><![CDATA[126,537]]></votes> <rating><![CDATA[8,6]]></rating> <rank><![CDATA[30]]></rank> </item> <item id='31'><title><![CDATA[Memento]]></title> <year><![CDATA[2000]]></year> <votes><![CDATA[358,354]]></votes> <rating><![CDATA[8,6]]></rating> <rank><![CDATA[31]]></rank> </item> <item id='32'><title><![CDATA[Leon: The Professional]]></title> <year><![CDATA[1994]]></year> <votes><![CDATA[274,245]]></votes> <rating><![CDATA[8,6]]></rating> <rank><![CDATA[32]]></rank> </item> <item id='33'><title><![CDATA[Sunset Blvd.]]></title> <year><![CDATA[1950]]></year> <votes><![CDATA[68,932]]></votes> <rating><![CDATA[8,6]]></rating> <rank><![CDATA[33]]></rank> </item> <item id='34'><title><![CDATA[Dr. Strangelove or: How I Learned to Stop Worrying and Love the Bomb]]></title> <year><![CDATA[1964]]></year> <votes><![CDATA[185,368]]></votes> <rating><![CDATA[8,6]]></rating> <rank><![CDATA[34]]></rank> </item> <item id='35'><title><![CDATA[Apocalypse Now]]></title> <year><![CDATA[1979]]></year> <votes><![CDATA[214,205]]></votes> <rating><![CDATA[8,6]]></rating> <rank><![CDATA[35]]></rank> </item> <item id='36'><title><![CDATA[American History X]]></title> <year><![CDATA[1998]]></year> <votes><![CDATA[305,747]]></votes> <rating><![CDATA[8,5]]></rating> <rank><![CDATA[36]]></rank> </item> <item id='37'><title><![CDATA[North by Northwest]]></title> <year><![CDATA[1959]]></year> <votes><![CDATA[112,951]]></votes> <rating><![CDATA[8,5]]></rating> <rank><![CDATA[37]]></rank> </item> <item id='38'><title><![CDATA[Citizen Kane]]></title> <year><![CDATA[1941]]></year> <votes><![CDATA[163,906]]></votes> <rating><![CDATA[8,5]]></rating> <rank><![CDATA[38]]></rank> </item> <item id='39'><title><![CDATA[Terminator 2: Judgment Day]]></title> <year><![CDATA[1991]]></year> <votes><![CDATA[309,922]]></votes> <rating><![CDATA[8,5]]></rating> <rank><![CDATA[39]]></rank> </item> <item id='40'><title><![CDATA[Toy Story 3]]></title> <year><![CDATA[2010]]></year> <votes><![CDATA[173,833]]></votes> <rating><![CDATA[8,5]]></rating> <rank><![CDATA[40]]></rank> </item> <item id='41'><title><![CDATA[American Beauty]]></title> <year><![CDATA[1999]]></year> <votes><![CDATA[369,318]]></votes> <rating><![CDATA[8,5]]></rating> <rank><![CDATA[41]]></rank> </item> <item id='42'><title><![CDATA[Saving Private Ryan]]></title> <year><![CDATA[1998]]></year> <votes><![CDATA[349,866]]></votes> <rating><![CDATA[8,5]]></rating> <rank><![CDATA[42]]></rank> </item> <item id='43'><title><![CDATA[Taxi Driver]]></title> <year><![CDATA[1976]]></year> <votes><![CDATA[207,461]]></votes> <rating><![CDATA[8,5]]></rating> <rank><![CDATA[43]]></rank> </item> <item id='44'><title><![CDATA[Alien]]></title> <year><![CDATA[1979]]></year> <votes><![CDATA[227,723]]></votes> <rating><![CDATA[8,5]]></rating> <rank><![CDATA[44]]></rank> </item> <item id='45'><title><![CDATA[Spirited Away]]></title> <year><![CDATA[2001]]></year> <votes><![CDATA[142,366]]></votes> <rating><![CDATA[8,5]]></rating> <rank><![CDATA[45]]></rank> </item> <item id='46'><title><![CDATA[City Lights]]></title> <year><![CDATA[1931]]></year> <votes><![CDATA[38,898]]></votes> <rating><![CDATA[8,5]]></rating> <rank><![CDATA[46]]></rank> </item> <item id='47'><title><![CDATA[Vertigo]]></title> <year><![CDATA[1958]]></year> <votes><![CDATA[113,232]]></votes> <rating><![CDATA[8,5]]></rating> <rank><![CDATA[47]]></rank> </item> <item id='48'><title><![CDATA[The Shining]]></title> <year><![CDATA[1980]]></year> <votes><![CDATA[236,782]]></votes> <rating><![CDATA[8,5]]></rating> <rank><![CDATA[48]]></rank> </item> <item id='49'><title><![CDATA[Paths of Glory]]></title> <year><![CDATA[1957]]></year> <votes><![CDATA[56,418]]></votes> <rating><![CDATA[8,5]]></rating> <rank><![CDATA[49]]></rank> </item> <item id='50'><title><![CDATA[Am?lie]]></title> <year><![CDATA[2001]]></year> <votes><![CDATA[237,208]]></votes> <rating><![CDATA[8,5]]></rating> <rank><![CDATA[50]]></rank> </item> <item id='51'><title><![CDATA[The Pianist]]></title> <year><![CDATA[2002]]></year> <votes><![CDATA[181,523]]></votes> <rating><![CDATA[8,5]]></rating> <rank><![CDATA[51]]></rank> </item> <item id='52'><title><![CDATA[M]]></title> <year><![CDATA[1931]]></year> <votes><![CDATA[49,827]]></votes> <rating><![CDATA[8,5]]></rating> <rank><![CDATA[52]]></rank> </item> <item id='53'><title><![CDATA[WALLE]]></title> <year><![CDATA[2008]]></year> <votes><![CDATA[257,704]]></votes> <rating><![CDATA[8,5]]></rating> <rank><![CDATA[53]]></rank> </item> <item id='54'><title><![CDATA[Double Indemnity]]></title> <year><![CDATA[1944]]></year> <votes><![CDATA[46,968]]></votes> <rating><![CDATA[8,5]]></rating> <rank><![CDATA[54]]></rank> </item> <item id='55'><title><![CDATA[The Departed]]></title> <year><![CDATA[2006]]></year> <votes><![CDATA[347,565]]></votes> <rating><![CDATA[8,4]]></rating> <rank><![CDATA[55]]></rank> </item> <item id='56'><title><![CDATA[The Lives of Others]]></title> <year><![CDATA[2006]]></year> <votes><![CDATA[104,228]]></votes> <rating><![CDATA[8,4]]></rating> <rank><![CDATA[56]]></rank> </item> <item id='57'><title><![CDATA[A Clockwork Orange]]></title> <year><![CDATA[1971]]></year> <votes><![CDATA[244,189]]></votes> <rating><![CDATA[8,4]]></rating> <rank><![CDATA[57]]></rank> </item> <item id='58'><title><![CDATA[Lawrence of Arabia]]></title> <year><![CDATA[1962]]></year> <votes><![CDATA[95,054]]></votes> <rating><![CDATA[8,4]]></rating> <rank><![CDATA[58]]></rank> </item> <item id='59'><title><![CDATA[Aliens]]></title> <year><![CDATA[1986]]></year> <votes><![CDATA[212,588]]></votes> <rating><![CDATA[8,4]]></rating> <rank><![CDATA[59]]></rank> </item> <item id='60'><title><![CDATA[To Kill a Mockingbird]]></title> <year><![CDATA[1962]]></year> <votes><![CDATA[101,352]]></votes> <rating><![CDATA[8,4]]></rating> <rank><![CDATA[60]]></rank> </item> <item id='61'><title><![CDATA[Modern Times]]></title> <year><![CDATA[1936]]></year> <votes><![CDATA[48,296]]></votes> <rating><![CDATA[8,4]]></rating> <rank><![CDATA[61]]></rank> </item> <item id='62'><title><![CDATA[Life Is Beautiful]]></title> <year><![CDATA[1997]]></year> <votes><![CDATA[146,411]]></votes> <rating><![CDATA[8,4]]></rating> <rank><![CDATA[62]]></rank> </item> <item id='63'><title><![CDATA[Requiem for a Dream]]></title> <year><![CDATA[2000]]></year> <votes><![CDATA[243,963]]></votes> <rating><![CDATA[8,4]]></rating> <rank><![CDATA[63]]></rank> </item> <item id='64'><title><![CDATA[Eternal Sunshine of the Spotless Mind]]></title> <year><![CDATA[2004]]></year> <votes><![CDATA[286,331]]></votes> <rating><![CDATA[8,4]]></rating> <rank><![CDATA[64]]></rank> </item> <item id='65'><title><![CDATA[Das Boot]]></title> <year><![CDATA[1981]]></year> <votes><![CDATA[85,191]]></votes> <rating><![CDATA[8,4]]></rating> <rank><![CDATA[65]]></rank> </item> <item id='66'><title><![CDATA[Back to the Future]]></title> <year><![CDATA[1985]]></year> <votes><![CDATA[270,029]]></votes> <rating><![CDATA[8,4]]></rating> <rank><![CDATA[66]]></rank> </item> <item id='67'><title><![CDATA[Reservoir Dogs]]></title> <year><![CDATA[1992]]></year> <votes><![CDATA[271,098]]></votes> <rating><![CDATA[8,4]]></rating> <rank><![CDATA[67]]></rank> </item> <item id='68'><title><![CDATA[The Third Man]]></title> <year><![CDATA[1949]]></year> <votes><![CDATA[60,907]]></votes> <rating><![CDATA[8,4]]></rating> <rank><![CDATA[68]]></rank> </item> <item id='69'><title><![CDATA[L.A. Confidential]]></title> <year><![CDATA[1997]]></year> <votes><![CDATA[203,259]]></votes> <rating><![CDATA[8,4]]></rating> <rank><![CDATA[69]]></rank> </item> <item id='70'><title><![CDATA[The Prestige]]></title> <year><![CDATA[2006]]></year> <votes><![CDATA[291,029]]></votes> <rating><![CDATA[8,4]]></rating> <rank><![CDATA[70]]></rank> </item> <item id='71'><title><![CDATA[Chinatown]]></title> <year><![CDATA[1974]]></year> <votes><![CDATA[98,824]]></votes> <rating><![CDATA[8,4]]></rating> <rank><![CDATA[71]]></rank> </item> <item id='72'><title><![CDATA[The Treasure of the Sierra Madre]]></title> <year><![CDATA[1948]]></year> <votes><![CDATA[40,617]]></votes> <rating><![CDATA[8,4]]></rating> <rank><![CDATA[72]]></rank> </item> <item id='73'><title><![CDATA[Cinema Paradiso]]></title> <year><![CDATA[1988]]></year> <votes><![CDATA[59,743]]></votes> <rating><![CDATA[8,4]]></rating> <rank><![CDATA[73]]></rank> </item> <item id='74'><title><![CDATA[The Green Mile]]></title> <year><![CDATA[1999]]></year> <votes><![CDATA[271,474]]></votes> <rating><![CDATA[8,4]]></rating> <rank><![CDATA[74]]></rank> </item> <item id='75'><title><![CDATA[Monty Python and the Holy Grail]]></title> <year><![CDATA[1974]]></year> <votes><![CDATA[188,389]]></votes> <rating><![CDATA[8,3]]></rating> <rank><![CDATA[75]]></rank> </item> <item id='76'><title><![CDATA[Once Upon a Time in America]]></title> <year><![CDATA[1984]]></year> <votes><![CDATA[94,351]]></votes> <rating><![CDATA[8,3]]></rating> <rank><![CDATA[76]]></rank> </item> <item id='77'><title><![CDATA[The Great Dictator]]></title> <year><![CDATA[1940]]></year> <votes><![CDATA[49,085]]></votes> <rating><![CDATA[8,3]]></rating> <rank><![CDATA[77]]></rank> </item> <item id='78'><title><![CDATA[Rashomon]]></title> <year><![CDATA[1950]]></year> <votes><![CDATA[49,623]]></votes> <rating><![CDATA[8,3]]></rating> <rank><![CDATA[78]]></rank> </item> <item id='79'><title><![CDATA[Raging Bull]]></title> <year><![CDATA[1980]]></year> <votes><![CDATA[112,361]]></votes> <rating><![CDATA[8,3]]></rating> <rank><![CDATA[79]]></rank> </item> <item id='80'><title><![CDATA[Gladiator]]></title> <year><![CDATA[2000]]></year> <votes><![CDATA[372,697]]></votes> <rating><![CDATA[8,3]]></rating> <rank><![CDATA[80]]></rank> </item> <item id='81'><title><![CDATA[Some Like It Hot]]></title> <year><![CDATA[1959]]></year> <votes><![CDATA[83,549]]></votes> <rating><![CDATA[8,3]]></rating> <rank><![CDATA[81]]></rank> </item> <item id='82'><title><![CDATA[Amadeus]]></title> <year><![CDATA[1984]]></year> <votes><![CDATA[122,177]]></votes> <rating><![CDATA[8,3]]></rating> <rank><![CDATA[82]]></rank> </item> <item id='83'><title><![CDATA[Full Metal Jacket]]></title> <year><![CDATA[1987]]></year> <votes><![CDATA[198,428]]></votes> <rating><![CDATA[8,3]]></rating> <rank><![CDATA[83]]></rank> </item> <item id='84'><title><![CDATA[Singin' in the Rain]]></title> <year><![CDATA[1952]]></year> <votes><![CDATA[68,547]]></votes> <rating><![CDATA[8,3]]></rating> <rank><![CDATA[84]]></rank> </item> <item id='85'><title><![CDATA[All About Eve]]></title> <year><![CDATA[1950]]></year> <votes><![CDATA[42,339]]></votes> <rating><![CDATA[8,3]]></rating> <rank><![CDATA[85]]></rank> </item> <item id='86'><title><![CDATA[Bicycle Thieves]]></title> <year><![CDATA[1948]]></year> <votes><![CDATA[37,003]]></votes> <rating><![CDATA[8,3]]></rating> <rank><![CDATA[86]]></rank> </item> <item id='87'><title><![CDATA[The Bridge on the River Kwai]]></title> <year><![CDATA[1957]]></year> <votes><![CDATA[72,819]]></votes> <rating><![CDATA[8,3]]></rating> <rank><![CDATA[87]]></rank> </item> <item id='88'><title><![CDATA[Pan's Labyrinth]]></title> <year><![CDATA[2006]]></year> <votes><![CDATA[205,065]]></votes> <rating><![CDATA[8,3]]></rating> <rank><![CDATA[88]]></rank> </item> <item id='89'><title><![CDATA[Braveheart]]></title> <year><![CDATA[1995]]></year> <votes><![CDATA[309,611]]></votes> <rating><![CDATA[8,3]]></rating> <rank><![CDATA[89]]></rank> </item> <item id='90'><title><![CDATA[2001: A Space Odyssey]]></title> <year><![CDATA[1968]]></year> <votes><![CDATA[196,549]]></votes> <rating><![CDATA[8,3]]></rating> <rank><![CDATA[90]]></rank> </item> <item id='91'><title><![CDATA[Metropolis]]></title> <year><![CDATA[1927]]></year> <votes><![CDATA[51,421]]></votes> <rating><![CDATA[8,3]]></rating> <rank><![CDATA[91]]></rank> </item> <item id='92'><title><![CDATA[Oldboy]]></title> <year><![CDATA[2003]]></year> <votes><![CDATA[133,645]]></votes> <rating><![CDATA[8,3]]></rating> <rank><![CDATA[92]]></rank> </item> <item id='93'><title><![CDATA[The Apartment]]></title> <year><![CDATA[1960]]></year> <votes><![CDATA[47,052]]></votes> <rating><![CDATA[8,3]]></rating> <rank><![CDATA[93]]></rank> </item> <item id='94'><title><![CDATA[Unforgiven]]></title> <year><![CDATA[1992]]></year> <votes><![CDATA[128,601]]></votes> <rating><![CDATA[8,3]]></rating> <rank><![CDATA[94]]></rank> </item> <item id='95'><title><![CDATA[Downfall]]></title> <year><![CDATA[2004]]></year> <votes><![CDATA[110,171]]></votes> <rating><![CDATA[8,3]]></rating> <rank><![CDATA[95]]></rank> </item> <item id='96'><title><![CDATA[The Sting]]></title> <year><![CDATA[1973]]></year> <votes><![CDATA[82,181]]></votes> <rating><![CDATA[8,3]]></rating> <rank><![CDATA[96]]></rank> </item> <item id='97'><title><![CDATA[Star Wars: Episode VI - Return of the Jedi]]></title> <year><![CDATA[1983]]></year> <votes><![CDATA[267,993]]></votes> <rating><![CDATA[8,3]]></rating> <rank><![CDATA[97]]></rank> </item> <item id='98'><title><![CDATA[Inglourious Basterds]]></title> <year><![CDATA[2009]]></year> <votes><![CDATA[277,969]]></votes> <rating><![CDATA[8,3]]></rating> <rank><![CDATA[98]]></rank> </item> <item id='99'><title><![CDATA[Princess Mononoke]]></title> <year><![CDATA[1997]]></year> <votes><![CDATA[86,032]]></votes> <rating><![CDATA[8,3]]></rating> <rank><![CDATA[99]]></rank> </item> <item id='100'><title><![CDATA[Indiana Jones and the Last Crusade]]></title> <year><![CDATA[1989]]></year> <votes><![CDATA[217,054]]></votes> <rating><![CDATA[8,3]]></rating> <rank><![CDATA[100]]></rank> </item> <item id='101'><title><![CDATA[Mr. Smith Goes to Washington]]></title> <year><![CDATA[1939]]></year> <votes><![CDATA[40,325]]></votes> <rating><![CDATA[8,3]]></rating> <rank><![CDATA[101]]></rank> </item> <item id='102'><title><![CDATA[The Elephant Man]]></title> <year><![CDATA[1980]]></year> <votes><![CDATA[75,735]]></votes> <rating><![CDATA[8,3]]></rating> <rank><![CDATA[102]]></rank> </item> <item id='103'><title><![CDATA[Up]]></title> <year><![CDATA[2009]]></year> <votes><![CDATA[190,499]]></votes> <rating><![CDATA[8,3]]></rating> <rank><![CDATA[103]]></rank> </item> <item id='104'><title><![CDATA[Gran Torino]]></title> <year><![CDATA[2008]]></year> <votes><![CDATA[199,415]]></votes> <rating><![CDATA[8,3]]></rating> <rank><![CDATA[104]]></rank> </item> <item id='105'><title><![CDATA[On the Waterfront]]></title> <year><![CDATA[1954]]></year> <votes><![CDATA[50,425]]></votes> <rating><![CDATA[8,3]]></rating> <rank><![CDATA[105]]></rank> </item> <item id='106'><title><![CDATA[The Maltese Falcon]]></title> <year><![CDATA[1941]]></year> <votes><![CDATA[61,58]]></votes> <rating><![CDATA[8,3]]></rating> <rank><![CDATA[106]]></rank> </item> <item id='107'><title><![CDATA[Die Hard]]></title> <year><![CDATA[1988]]></year> <votes><![CDATA[242,884]]></votes> <rating><![CDATA[8,3]]></rating> <rank><![CDATA[107]]></rank> </item> <item id='108'><title><![CDATA[The Seventh Seal]]></title> <year><![CDATA[1957]]></year> <votes><![CDATA[49,455]]></votes> <rating><![CDATA[8,3]]></rating> <rank><![CDATA[108]]></rank> </item> <item id='109'><title><![CDATA[Rebecca]]></title> <year><![CDATA[1940]]></year> <votes><![CDATA[43,22]]></votes> <rating><![CDATA[8,3]]></rating> <rank><![CDATA[109]]></rank> </item> <item id='110'><title><![CDATA[The Great Escape]]></title> <year><![CDATA[1963]]></year> <votes><![CDATA[77,425]]></votes> <rating><![CDATA[8,3]]></rating> <rank><![CDATA[110]]></rank> </item> <item id='111'><title><![CDATA[The Lion King]]></title> <year><![CDATA[1994]]></year> <votes><![CDATA[207,905]]></votes> <rating><![CDATA[8,3]]></rating> <rank><![CDATA[111]]></rank> </item> <item id='112'><title><![CDATA[Grave of the Fireflies]]></title> <year><![CDATA[1988]]></year> <votes><![CDATA[47,285]]></votes> <rating><![CDATA[8,2]]></rating> <rank><![CDATA[112]]></rank> </item> <item id='113'><title><![CDATA[Batman Begins]]></title> <year><![CDATA[2005]]></year> <votes><![CDATA[351,595]]></votes> <rating><![CDATA[8,2]]></rating> <rank><![CDATA[113]]></rank> </item> <item id='114'><title><![CDATA[Yojimbo]]></title> <year><![CDATA[1961]]></year> <votes><![CDATA[36,197]]></votes> <rating><![CDATA[8,2]]></rating> <rank><![CDATA[114]]></rank> </item> <item id='115'><title><![CDATA[Sin City]]></title> <year><![CDATA[2005]]></year> <votes><![CDATA[319,165]]></votes> <rating><![CDATA[8,2]]></rating> <rank><![CDATA[115]]></rank> </item> <item id='116'><title><![CDATA[Heat]]></title> <year><![CDATA[1995]]></year> <votes><![CDATA[188,934]]></votes> <rating><![CDATA[8,2]]></rating> <rank><![CDATA[116]]></rank> </item> <item id='117'><title><![CDATA[For a Few Dollars More]]></title> <year><![CDATA[1965]]></year> <votes><![CDATA[60,679]]></votes> <rating><![CDATA[8,2]]></rating> <rank><![CDATA[117]]></rank> </item> <item id='118'><title><![CDATA[The General]]></title> <year><![CDATA[1926]]></year> <votes><![CDATA[25,123]]></votes> <rating><![CDATA[8,2]]></rating> <rank><![CDATA[118]]></rank> </item> <item id='119'><title><![CDATA[Blade Runner]]></title> <year><![CDATA[1982]]></year> <votes><![CDATA[227,118]]></votes> <rating><![CDATA[8,2]]></rating> <rank><![CDATA[119]]></rank> </item> <item id='120'><title><![CDATA[Fargo]]></title> <year><![CDATA[1996]]></year> <votes><![CDATA[201,609]]></votes> <rating><![CDATA[8,2]]></rating> <rank><![CDATA[120]]></rank> </item> <item id='121'><title><![CDATA[Witness for the Prosecution]]></title> <year><![CDATA[1957]]></year> <votes><![CDATA[23,3]]></votes> <rating><![CDATA[8,2]]></rating> <rank><![CDATA[121]]></rank> </item> <item id='122'><title><![CDATA[Snatch.]]></title> <year><![CDATA[2000]]></year> <votes><![CDATA[237,981]]></votes> <rating><![CDATA[8,2]]></rating> <rank><![CDATA[122]]></rank> </item> <item id='123'><title><![CDATA[Black Swan]]></title> <year><![CDATA[2010]]></year> <votes><![CDATA[191,319]]></votes> <rating><![CDATA[8,2]]></rating> <rank><![CDATA[123]]></rank> </item> <item id='124'><title><![CDATA[Ran]]></title> <year><![CDATA[1985]]></year> <votes><![CDATA[41,467]]></votes> <rating><![CDATA[8,2]]></rating> <rank><![CDATA[124]]></rank> </item> <item id='125'><title><![CDATA[A Separation]]></title> <year><![CDATA[2011]]></year> <votes><![CDATA[19,585]]></votes> <rating><![CDATA[8,2]]></rating> <rank><![CDATA[125]]></rank> </item> <item id='126'><title><![CDATA[Wild Strawberries]]></title> <year><![CDATA[1957]]></year> <votes><![CDATA[27,911]]></votes> <rating><![CDATA[8,2]]></rating> <rank><![CDATA[126]]></rank> </item> <item id='127'><title><![CDATA[Jaws]]></title> <year><![CDATA[1975]]></year> <votes><![CDATA[175,85]]></votes> <rating><![CDATA[8,2]]></rating> <rank><![CDATA[127]]></rank> </item> <item id='128'><title><![CDATA[The King's Speech]]></title> <year><![CDATA[2010]]></year> <votes><![CDATA[134,518]]></votes> <rating><![CDATA[8,2]]></rating> <rank><![CDATA[128]]></rank> </item> <item id='129'><title><![CDATA[Hotel Rwanda]]></title> <year><![CDATA[2004]]></year> <votes><![CDATA[119,597]]></votes> <rating><![CDATA[8,2]]></rating> <rank><![CDATA[129]]></rank> </item> <item id='130'><title><![CDATA[Touch of Evil]]></title> <year><![CDATA[1958]]></year> <votes><![CDATA[39,633]]></votes> <rating><![CDATA[8,2]]></rating> <rank><![CDATA[130]]></rank> </item> <item id='131'><title><![CDATA[No Country for Old Men]]></title> <year><![CDATA[2007]]></year> <votes><![CDATA[260,354]]></votes> <rating><![CDATA[8,2]]></rating> <rank><![CDATA[131]]></rank> </item> <item id='132'><title><![CDATA[Toy Story]]></title> <year><![CDATA[1995]]></year> <votes><![CDATA[216,349]]></votes> <rating><![CDATA[8,2]]></rating> <rank><![CDATA[132]]></rank> </item> <item id='133'><title><![CDATA[The Big Lebowski]]></title> <year><![CDATA[1998]]></year> <votes><![CDATA[230,128]]></votes> <rating><![CDATA[8,2]]></rating> <rank><![CDATA[133]]></rank> </item> <item id='134'><title><![CDATA[The Wizard of Oz]]></title> <year><![CDATA[1939]]></year> <votes><![CDATA[129,926]]></votes> <rating><![CDATA[8,2]]></rating> <rank><![CDATA[134]]></rank> </item> <item id='135'><title><![CDATA[The Deer Hunter]]></title> <year><![CDATA[1978]]></year> <votes><![CDATA[111,537]]></votes> <rating><![CDATA[8,2]]></rating> <rank><![CDATA[135]]></rank> </item> <item id='136'><title><![CDATA[Cool Hand Luke]]></title> <year><![CDATA[1967]]></year> <votes><![CDATA[57,371]]></votes> <rating><![CDATA[8,2]]></rating> <rank><![CDATA[136]]></rank> </item> <item id='137'><title><![CDATA[The Sixth Sense]]></title> <year><![CDATA[1999]]></year> <votes><![CDATA[308,734]]></votes> <rating><![CDATA[8,2]]></rating> <rank><![CDATA[137]]></rank> </item> <item id='138'><title><![CDATA[It Happened One Night]]></title> <year><![CDATA[1934]]></year> <votes><![CDATA[31,1]]></votes> <rating><![CDATA[8,2]]></rating> <rank><![CDATA[138]]></rank> </item> <item id='139'><title><![CDATA[Strangers on a Train]]></title> <year><![CDATA[1951]]></year> <votes><![CDATA[43,597]]></votes> <rating><![CDATA[8,2]]></rating> <rank><![CDATA[139]]></rank> </item> <item id='140'><title><![CDATA[Annie Hall]]></title> <year><![CDATA[1977]]></year> <votes><![CDATA[83,123]]></votes> <rating><![CDATA[8,2]]></rating> <rank><![CDATA[140]]></rank> </item> <item id='141'><title><![CDATA[Kill Bill: Vol. 1]]></title> <year><![CDATA[2003]]></year> <votes><![CDATA[299,11]]></votes> <rating><![CDATA[8,2]]></rating> <rank><![CDATA[141]]></rank> </item> <item id='142'><title><![CDATA[Scarface]]></title> <year><![CDATA[1983]]></year> <votes><![CDATA[206,07]]></votes> <rating><![CDATA[8,2]]></rating> <rank><![CDATA[142]]></rank> </item> <item id='143'><title><![CDATA[Ikiru]]></title> <year><![CDATA[1952]]></year> <votes><![CDATA[20,369]]></votes> <rating><![CDATA[8,2]]></rating> <rank><![CDATA[143]]></rank> </item> <item id='144'><title><![CDATA[High Noon]]></title> <year><![CDATA[1952]]></year> <votes><![CDATA[41,827]]></votes> <rating><![CDATA[8,2]]></rating> <rank><![CDATA[144]]></rank> </item> <item id='145'><title><![CDATA[Platoon]]></title> <year><![CDATA[1986]]></year> <votes><![CDATA[138,443]]></votes> <rating><![CDATA[8,2]]></rating> <rank><![CDATA[145]]></rank> </item> <item id='146'><title><![CDATA[Donnie Darko]]></title> <year><![CDATA[2001]]></year> <votes><![CDATA[269,56]]></votes> <rating><![CDATA[8,1]]></rating> <rank><![CDATA[146]]></rank> </item> <item id='147'><title><![CDATA[Slumdog Millionaire]]></title> <year><![CDATA[2008]]></year> <votes><![CDATA[249,953]]></votes> <rating><![CDATA[8,1]]></rating> <rank><![CDATA[147]]></rank> </item> <item id='148'><title><![CDATA[Into the Wild]]></title> <year><![CDATA[2007]]></year> <votes><![CDATA[151,763]]></votes> <rating><![CDATA[8,1]]></rating> <rank><![CDATA[148]]></rank> </item> <item id='149'><title><![CDATA[Trainspotting]]></title> <year><![CDATA[1996]]></year> <votes><![CDATA[195,942]]></votes> <rating><![CDATA[8,1]]></rating> <rank><![CDATA[149]]></rank> </item> <item id='150'><title><![CDATA[The Gold Rush]]></title> <year><![CDATA[1925]]></year> <votes><![CDATA[27,436]]></votes> <rating><![CDATA[8,1]]></rating> <rank><![CDATA[150]]></rank> </item> <item id='151'><title><![CDATA[The Wages of Fear]]></title> <year><![CDATA[1953]]></year> <votes><![CDATA[18,138]]></votes> <rating><![CDATA[8,1]]></rating> <rank><![CDATA[151]]></rank> </item> <item id='152'><title><![CDATA[The Kid]]></title> <year><![CDATA[1921]]></year> <votes><![CDATA[20,639]]></votes> <rating><![CDATA[8,1]]></rating> <rank><![CDATA[152]]></rank> </item> <item id='153'><title><![CDATA[Butch Cassidy and the Sundance Kid]]></title> <year><![CDATA[1969]]></year> <votes><![CDATA[71,81]]></votes> <rating><![CDATA[8,1]]></rating> <rank><![CDATA[153]]></rank> </item> <item id='154'><title><![CDATA[Million Dollar Baby]]></title> <year><![CDATA[2004]]></year> <votes><![CDATA[191,29]]></votes> <rating><![CDATA[8,1]]></rating> <rank><![CDATA[154]]></rank> </item> <item id='155'><title><![CDATA[The Grapes of Wrath]]></title> <year><![CDATA[1940]]></year> <votes><![CDATA[29,278]]></votes> <rating><![CDATA[8,1]]></rating> <rank><![CDATA[155]]></rank> </item> <item id='156'><title><![CDATA[Notorious]]></title> <year><![CDATA[1946]]></year> <votes><![CDATA[38,116]]></votes> <rating><![CDATA[8,1]]></rating> <rank><![CDATA[156]]></rank> </item> <item id='157'><title><![CDATA[Gone with the Wind]]></title> <year><![CDATA[1939]]></year> <votes><![CDATA[100,838]]></votes> <rating><![CDATA[8,1]]></rating> <rank><![CDATA[157]]></rank> </item> <item id='158'><title><![CDATA[Lock, Stock and Two Smoking Barrels]]></title> <year><![CDATA[1998]]></year> <votes><![CDATA[171,183]]></votes> <rating><![CDATA[8,1]]></rating> <rank><![CDATA[158]]></rank> </item> <item id='159'><title><![CDATA[Sunrise: A Song of Two Humans]]></title> <year><![CDATA[1927]]></year> <votes><![CDATA[14,758]]></votes> <rating><![CDATA[8,1]]></rating> <rank><![CDATA[159]]></rank> </item> <item id='160'><title><![CDATA[There Will Be Blood]]></title> <year><![CDATA[2007]]></year> <votes><![CDATA[167,743]]></votes> <rating><![CDATA[8,1]]></rating> <rank><![CDATA[160]]></rank> </item> <item id='161'><title><![CDATA[The Secret in Their Eyes]]></title> <year><![CDATA[2009]]></year> <votes><![CDATA[40,457]]></votes> <rating><![CDATA[8,1]]></rating> <rank><![CDATA[161]]></rank> </item> <item id='162'><title><![CDATA[The Thing]]></title> <year><![CDATA[1982]]></year> <votes><![CDATA[110,853]]></votes> <rating><![CDATA[8,1]]></rating> <rank><![CDATA[162]]></rank> </item> <item id='163'><title><![CDATA[Amores Perros]]></title> <year><![CDATA[2000]]></year> <votes><![CDATA[80,688]]></votes> <rating><![CDATA[8,1]]></rating> <rank><![CDATA[163]]></rank> </item> <item id='164'><title><![CDATA[Groundhog Day]]></title> <year><![CDATA[1993]]></year> <votes><![CDATA[181,161]]></votes> <rating><![CDATA[8,1]]></rating> <rank><![CDATA[164]]></rank> </item> <item id='165'><title><![CDATA[Casino]]></title> <year><![CDATA[1995]]></year> <votes><![CDATA[141,969]]></votes> <rating><![CDATA[8,1]]></rating> <rank><![CDATA[165]]></rank> </item> <item id='166'><title><![CDATA[Life of Brian]]></title> <year><![CDATA[1979]]></year> <votes><![CDATA[121,347]]></votes> <rating><![CDATA[8,1]]></rating> <rank><![CDATA[166]]></rank> </item> <item id='167'><title><![CDATA[Ben-Hur]]></title> <year><![CDATA[1959]]></year> <votes><![CDATA[73,442]]></votes> <rating><![CDATA[8,1]]></rating> <rank><![CDATA[167]]></rank> </item> <item id='168'><title><![CDATA[Finding Nemo]]></title> <year><![CDATA[2003]]></year> <votes><![CDATA[233,406]]></votes> <rating><![CDATA[8,1]]></rating> <rank><![CDATA[168]]></rank> </item> <item id='169'><title><![CDATA[Drive]]></title> <year><![CDATA[2011]]></year> <votes><![CDATA[71,966]]></votes> <rating><![CDATA[8,1]]></rating> <rank><![CDATA[169]]></rank> </item> <item id='170'><title><![CDATA[The Terminator]]></title> <year><![CDATA[1984]]></year> <votes><![CDATA[237,302]]></votes> <rating><![CDATA[8,1]]></rating> <rank><![CDATA[170]]></rank> </item> <item id='171'><title><![CDATA[The Big Sleep]]></title> <year><![CDATA[1946]]></year> <votes><![CDATA[34,921]]></votes> <rating><![CDATA[8,1]]></rating> <rank><![CDATA[171]]></rank> </item> <item id='172'><title><![CDATA[The Graduate]]></title> <year><![CDATA[1967]]></year> <votes><![CDATA[99,51]]></votes> <rating><![CDATA[8,1]]></rating> <rank><![CDATA[172]]></rank> </item> <item id='173'><title><![CDATA[The Best Years of Our Lives]]></title> <year><![CDATA[1946]]></year> <votes><![CDATA[21,025]]></votes> <rating><![CDATA[8,1]]></rating> <rank><![CDATA[173]]></rank> </item> <item id='174'><title><![CDATA[Diabolique]]></title> <year><![CDATA[1955]]></year> <votes><![CDATA[19,426]]></votes> <rating><![CDATA[8,1]]></rating> <rank><![CDATA[174]]></rank> </item> <item id='175'><title><![CDATA[District 9]]></title> <year><![CDATA[2009]]></year> <votes><![CDATA[227,224]]></votes> <rating><![CDATA[8,1]]></rating> <rank><![CDATA[175]]></rank> </item> <item id='176'><title><![CDATA[Stand by Me]]></title> <year><![CDATA[1986]]></year> <votes><![CDATA[116,136]]></votes> <rating><![CDATA[8,1]]></rating> <rank><![CDATA[176]]></rank> </item> <item id='177'><title><![CDATA[My Neighbor Totoro]]></title> <year><![CDATA[1988]]></year> <votes><![CDATA[46,546]]></votes> <rating><![CDATA[8,1]]></rating> <rank><![CDATA[177]]></rank> </item> <item id='178'><title><![CDATA[How to Train Your Dragon]]></title> <year><![CDATA[2010]]></year> <votes><![CDATA[111,43]]></votes> <rating><![CDATA[8,1]]></rating> <rank><![CDATA[178]]></rank> </item> <item id='179'><title><![CDATA[The Manchurian Candidate]]></title> <year><![CDATA[1962]]></year> <votes><![CDATA[40,961]]></votes> <rating><![CDATA[8,1]]></rating> <rank><![CDATA[179]]></rank> </item> <item id='180'><title><![CDATA[Twelve Monkeys]]></title> <year><![CDATA[1995]]></year> <votes><![CDATA[214,455]]></votes> <rating><![CDATA[8,1]]></rating> <rank><![CDATA[180]]></rank> </item> <item id='181'><title><![CDATA[V for Vendetta]]></title> <year><![CDATA[2006]]></year> <votes><![CDATA[307,336]]></votes> <rating><![CDATA[8,1]]></rating> <rank><![CDATA[181]]></rank> </item> <item id='182'><title><![CDATA[Dog Day Afternoon]]></title> <year><![CDATA[1975]]></year> <votes><![CDATA[79,285]]></votes> <rating><![CDATA[8,1]]></rating> <rank><![CDATA[182]]></rank> </item> <item id='183'><title><![CDATA[The Bourne Ultimatum]]></title> <year><![CDATA[2007]]></year> <votes><![CDATA[200,219]]></votes> <rating><![CDATA[8,1]]></rating> <rank><![CDATA[183]]></rank> </item> <item id='184'><title><![CDATA[Warrior]]></title> <year><![CDATA[2011]]></year> <votes><![CDATA[21,216]]></votes> <rating><![CDATA[8,1]]></rating> <rank><![CDATA[184]]></rank> </item> <item id='185'><title><![CDATA[Good Will Hunting]]></title> <year><![CDATA[1997]]></year> <votes><![CDATA[205,157]]></votes> <rating><![CDATA[8,1]]></rating> <rank><![CDATA[185]]></rank> </item> <item id='186'><title><![CDATA[Judgment at Nuremberg]]></title> <year><![CDATA[1961]]></year> <votes><![CDATA[18,591]]></votes> <rating><![CDATA[8,1]]></rating> <rank><![CDATA[186]]></rank> </item> <item id='187'><title><![CDATA[Network]]></title> <year><![CDATA[1976]]></year> <votes><![CDATA[45,502]]></votes> <rating><![CDATA[8,1]]></rating> <rank><![CDATA[187]]></rank> </item> <item id='188'><title><![CDATA[Gandhi]]></title> <year><![CDATA[1982]]></year> <votes><![CDATA[67,385]]></votes> <rating><![CDATA[8,1]]></rating> <rank><![CDATA[188]]></rank> </item> <item id='189'><title><![CDATA[Harry Potter and the Deathly Hallows: Part 2]]></title> <year><![CDATA[2011]]></year> <votes><![CDATA[132,656]]></votes> <rating><![CDATA[8,1]]></rating> <rank><![CDATA[189]]></rank> </item> <item id='190'><title><![CDATA[The Night of the Hunter]]></title> <year><![CDATA[1955]]></year> <votes><![CDATA[32,001]]></votes> <rating><![CDATA[8,1]]></rating> <rank><![CDATA[190]]></rank> </item> <item id='191'><title><![CDATA[The 400 Blows]]></title> <year><![CDATA[1959]]></year> <votes><![CDATA[30,865]]></votes> <rating><![CDATA[8,1]]></rating> <rank><![CDATA[191]]></rank> </item> <item id='192'><title><![CDATA[The Wrestler]]></title> <year><![CDATA[2008]]></year> <votes><![CDATA[134,13]]></votes> <rating><![CDATA[8,1]]></rating> <rank><![CDATA[192]]></rank> </item> <item id='193'><title><![CDATA[The Battle of Algiers]]></title> <year><![CDATA[1966]]></year> <votes><![CDATA[18,001]]></votes> <rating><![CDATA[8]]></rating> <rank><![CDATA[193]]></rank> </item> <item id='194'><title><![CDATA[Mary and Max]]></title> <year><![CDATA[2009]]></year> <votes><![CDATA[31,825]]></votes> <rating><![CDATA[8]]></rating> <rank><![CDATA[194]]></rank> </item> <item id='195'><title><![CDATA[8?]]></title> <year><![CDATA[1963]]></year> <votes><![CDATA[37,872]]></votes> <rating><![CDATA[8]]></rating> <rank><![CDATA[195]]></rank> </item> <item id='196'><title><![CDATA[The Princess Bride]]></title> <year><![CDATA[1987]]></year> <votes><![CDATA[147,586]]></votes> <rating><![CDATA[8]]></rating> <rank><![CDATA[196]]></rank> </item> <item id='197'><title><![CDATA[Dial M for Murder]]></title> <year><![CDATA[1954]]></year> <votes><![CDATA[40,345]]></votes> <rating><![CDATA[8]]></rating> <rank><![CDATA[197]]></rank> </item> <item id='198'><title><![CDATA[The Killing]]></title> <year><![CDATA[1956]]></year> <votes><![CDATA[31,417]]></votes> <rating><![CDATA[8]]></rating> <rank><![CDATA[198]]></rank> </item> <item id='199'><title><![CDATA[Ratatouille]]></title> <year><![CDATA[2007]]></year> <votes><![CDATA[185,945]]></votes> <rating><![CDATA[8]]></rating> <rank><![CDATA[199]]></rank> </item> <item id='200'><title><![CDATA[Persona]]></title> <year><![CDATA[1966]]></year> <votes><![CDATA[22,684]]></votes> <rating><![CDATA[8]]></rating> <rank><![CDATA[200]]></rank> </item> <item id='201'><title><![CDATA[The Hustler]]></title> <year><![CDATA[1961]]></year> <votes><![CDATA[31,412]]></votes> <rating><![CDATA[8]]></rating> <rank><![CDATA[201]]></rank> </item> <item id='202'><title><![CDATA[La Strada]]></title> <year><![CDATA[1954]]></year> <votes><![CDATA[22,477]]></votes> <rating><![CDATA[8]]></rating> <rank><![CDATA[202]]></rank> </item> <item id='203'><title><![CDATA[Hugo]]></title> <year><![CDATA[2011/II]]></year> <votes><![CDATA[8,919]]></votes> <rating><![CDATA[8]]></rating> <rank><![CDATA[203]]></rank> </item> <item id='204'><title><![CDATA[Who's Afraid of Virginia Woolf?]]></title> <year><![CDATA[1966]]></year> <votes><![CDATA[25,949]]></votes> <rating><![CDATA[8]]></rating> <rank><![CDATA[204]]></rank> </item> <item id='205'><title><![CDATA[The Exorcist]]></title> <year><![CDATA[1973]]></year> <votes><![CDATA[139,364]]></votes> <rating><![CDATA[8]]></rating> <rank><![CDATA[205]]></rank> </item> <item id='206'><title><![CDATA[Avatar]]></title> <year><![CDATA[2009]]></year> <votes><![CDATA[380,608]]></votes> <rating><![CDATA[8]]></rating> <rank><![CDATA[206]]></rank> </item> <item id='207'><title><![CDATA[The Diving Bell and the Butterfly]]></title> <year><![CDATA[2007]]></year> <votes><![CDATA[43,683]]></votes> <rating><![CDATA[8]]></rating> <rank><![CDATA[207]]></rank> </item> <item id='208'><title><![CDATA[Star Trek]]></title> <year><![CDATA[2009]]></year> <votes><![CDATA[196,14]]></votes> <rating><![CDATA[8]]></rating> <rank><![CDATA[208]]></rank> </item> <item id='209'><title><![CDATA[The Wild Bunch]]></title> <year><![CDATA[1969]]></year> <votes><![CDATA[37,975]]></votes> <rating><![CDATA[8]]></rating> <rank><![CDATA[209]]></rank> </item> <item id='210'><title><![CDATA[The Passion of Joan of Arc]]></title> <year><![CDATA[1928]]></year> <votes><![CDATA[14,239]]></votes> <rating><![CDATA[8]]></rating> <rank><![CDATA[210]]></rank> </item> <item id='211'><title><![CDATA[Fanny and Alexander]]></title> <year><![CDATA[1982]]></year> <votes><![CDATA[18,941]]></votes> <rating><![CDATA[8]]></rating> <rank><![CDATA[211]]></rank> </item> <item id='212'><title><![CDATA[Howl's Moving Castle]]></title> <year><![CDATA[2004]]></year> <votes><![CDATA[66,749]]></votes> <rating><![CDATA[8]]></rating> <rank><![CDATA[212]]></rank> </item> <item id='213'><title><![CDATA[Stalag 17]]></title> <year><![CDATA[1953]]></year> <votes><![CDATA[24,726]]></votes> <rating><![CDATA[8]]></rating> <rank><![CDATA[213]]></rank> </item> <item id='214'><title><![CDATA[A Streetcar Named Desire]]></title> <year><![CDATA[1951]]></year> <votes><![CDATA[42,183]]></votes> <rating><![CDATA[8]]></rating> <rank><![CDATA[214]]></rank> </item> <item id='215'><title><![CDATA[Barry Lyndon]]></title> <year><![CDATA[1975]]></year> <votes><![CDATA[49,207]]></votes> <rating><![CDATA[8]]></rating> <rank><![CDATA[215]]></rank> </item> <item id='216'><title><![CDATA[Rocky]]></title> <year><![CDATA[1976]]></year> <votes><![CDATA[134,838]]></votes> <rating><![CDATA[8]]></rating> <rank><![CDATA[216]]></rank> </item> <item id='217'><title><![CDATA[Sherlock Jr.]]></title> <year><![CDATA[1924]]></year> <votes><![CDATA[10,754]]></votes> <rating><![CDATA[8]]></rating> <rank><![CDATA[217]]></rank> </item> <item id='218'><title><![CDATA[Kind Hearts and Coronets]]></title> <year><![CDATA[1949]]></year> <votes><![CDATA[16,34]]></votes> <rating><![CDATA[8]]></rating> <rank><![CDATA[218]]></rank> </item> <item id='219'><title><![CDATA[The Truman Show]]></title> <year><![CDATA[1998]]></year> <votes><![CDATA[221,154]]></votes> <rating><![CDATA[8]]></rating> <rank><![CDATA[219]]></rank> </item> <item id='220'><title><![CDATA[All Quiet on the Western Front]]></title> <year><![CDATA[1930]]></year> <votes><![CDATA[26,985]]></votes> <rating><![CDATA[8]]></rating> <rank><![CDATA[220]]></rank> </item> <item id='221'><title><![CDATA[Elite Squad: The Enemy Within]]></title> <year><![CDATA[2010]]></year> <votes><![CDATA[15,574]]></votes> <rating><![CDATA[8]]></rating> <rank><![CDATA[221]]></rank> </item> <item id='222'><title><![CDATA[Let the Right One In]]></title> <year><![CDATA[2008]]></year> <votes><![CDATA[88,395]]></votes> <rating><![CDATA[8]]></rating> <rank><![CDATA[222]]></rank> </item> <item id='223'><title><![CDATA[Mystic River]]></title> <year><![CDATA[2003]]></year> <votes><![CDATA[159,856]]></votes> <rating><![CDATA[8]]></rating> <rank><![CDATA[223]]></rank> </item> <item id='224'><title><![CDATA[Rosemary's Baby]]></title> <year><![CDATA[1968]]></year> <votes><![CDATA[68,092]]></votes> <rating><![CDATA[8]]></rating> <rank><![CDATA[224]]></rank> </item> <item id='225'><title><![CDATA[Infernal Affairs]]></title> <year><![CDATA[2002]]></year> <votes><![CDATA[44,622]]></votes> <rating><![CDATA[8]]></rating> <rank><![CDATA[225]]></rank> </item> <item id='226'><title><![CDATA[Roman Holiday]]></title> <year><![CDATA[1953]]></year> <votes><![CDATA[40,638]]></votes> <rating><![CDATA[8]]></rating> <rank><![CDATA[226]]></rank> </item> <item id='227'><title><![CDATA[Nights of Cabiria]]></title> <year><![CDATA[1957]]></year> <votes><![CDATA[14,82]]></votes> <rating><![CDATA[8]]></rating> <rank><![CDATA[227]]></rank> </item> <item id='228'><title><![CDATA[The Celebration]]></title> <year><![CDATA[1998]]></year> <votes><![CDATA[33,366]]></votes> <rating><![CDATA[8]]></rating> <rank><![CDATA[228]]></rank> </item> <item id='229'><title><![CDATA[In Bruges]]></title> <year><![CDATA[2008]]></year> <votes><![CDATA[140,536]]></votes> <rating><![CDATA[8]]></rating> <rank><![CDATA[229]]></rank> </item> <item id='230'><title><![CDATA[The Incredibles]]></title> <year><![CDATA[2004]]></year> <votes><![CDATA[213,232]]></votes> <rating><![CDATA[8]]></rating> <rank><![CDATA[230]]></rank> </item> <item id='231'><title><![CDATA[Magnolia]]></title> <year><![CDATA[1999]]></year> <votes><![CDATA[144,556]]></votes> <rating><![CDATA[8]]></rating> <rank><![CDATA[231]]></rank> </item> <item id='232'><title><![CDATA[Big Fish]]></title> <year><![CDATA[2003]]></year> <votes><![CDATA[182,946]]></votes> <rating><![CDATA[8]]></rating> <rank><![CDATA[232]]></rank> </item> <item id='233'><title><![CDATA[Pirates of the Caribbean: The Curse of the Black Pearl]]></title> <year><![CDATA[2003]]></year> <votes><![CDATA[318,759]]></votes> <rating><![CDATA[8]]></rating> <rank><![CDATA[233]]></rank> </item> <item id='234'><title><![CDATA[Rope]]></title> <year><![CDATA[1948]]></year> <votes><![CDATA[41,767]]></votes> <rating><![CDATA[8]]></rating> <rank><![CDATA[234]]></rank> </item> <item id='235'><title><![CDATA[Manhattan]]></title> <year><![CDATA[1979]]></year> <votes><![CDATA[49,572]]></votes> <rating><![CDATA[8]]></rating> <rank><![CDATA[235]]></rank> </item> <item id='236'><title><![CDATA[A Beautiful Mind]]></title> <year><![CDATA[2001]]></year> <votes><![CDATA[183,431]]></votes> <rating><![CDATA[8]]></rating> <rank><![CDATA[236]]></rank> </item> <item id='237'><title><![CDATA[Ed Wood]]></title> <year><![CDATA[1994]]></year> <votes><![CDATA[90,409]]></votes> <rating><![CDATA[8]]></rating> <rank><![CDATA[237]]></rank> </item> <item id='238'><title><![CDATA[The Man Who Shot Liberty Valance]]></title> <year><![CDATA[1962]]></year> <votes><![CDATA[28,131]]></votes> <rating><![CDATA[8]]></rating> <rank><![CDATA[238]]></rank> </item> <item id='239'><title><![CDATA[Ip Man]]></title> <year><![CDATA[2008]]></year> <votes><![CDATA[34,224]]></votes> <rating><![CDATA[8]]></rating> <rank><![CDATA[239]]></rank> </item> <item id='240'><title><![CDATA[Tokyo Story]]></title> <year><![CDATA[1953]]></year> <votes><![CDATA[11,006]]></votes> <rating><![CDATA[8]]></rating> <rank><![CDATA[240]]></rank> </item> <item id='241'><title><![CDATA[The Social Network]]></title> <year><![CDATA[2010]]></year> <votes><![CDATA[172,619]]></votes> <rating><![CDATA[8]]></rating> <rank><![CDATA[241]]></rank> </item> <item id='242'><title><![CDATA[Stalker]]></title> <year><![CDATA[1979]]></year> <votes><![CDATA[27,86]]></votes> <rating><![CDATA[8]]></rating> <rank><![CDATA[242]]></rank> </item> <item id='243'><title><![CDATA[Kill Bill: Vol. 2]]></title> <year><![CDATA[2004]]></year> <votes><![CDATA[239,182]]></votes> <rating><![CDATA[8]]></rating> <rank><![CDATA[243]]></rank> </item> <item id='244'><title><![CDATA[Shutter Island]]></title> <year><![CDATA[2010]]></year> <votes><![CDATA[216,509]]></votes> <rating><![CDATA[8]]></rating> <rank><![CDATA[244]]></rank> </item> <item id='245'><title><![CDATA[Monsters, Inc.]]></title> <year><![CDATA[2001]]></year> <votes><![CDATA[175,202]]></votes> <rating><![CDATA[8]]></rating> <rank><![CDATA[245]]></rank> </item> <item id='246'><title><![CDATA[Beauty and the Beast]]></title> <year><![CDATA[1991]]></year> <votes><![CDATA[101,464]]></votes> <rating><![CDATA[8]]></rating> <rank><![CDATA[246]]></rank> </item> <item id='247'><title><![CDATA[Grand Illusion]]></title> <year><![CDATA[1937]]></year> <votes><![CDATA[14,978]]></votes> <rating><![CDATA[8]]></rating> <rank><![CDATA[247]]></rank> </item> <item id='248'><title><![CDATA[Nosferatu]]></title> <year><![CDATA[1922]]></year> <votes><![CDATA[35,442]]></votes> <rating><![CDATA[8]]></rating> <rank><![CDATA[248]]></rank> </item> <item id='249'><title><![CDATA[Nausica of the Valley of the Wind]]></title> <year><![CDATA[1984]]></year> <votes><![CDATA[29,57]]></votes> <rating><![CDATA[8]]></rating> <rank><![CDATA[249]]></rank> </item> <item id='250'><title><![CDATA[Sleuth]]></title> <year><![CDATA[1972]]></year> <votes><![CDATA[22,343]]></votes> <rating><![CDATA[8]]></rating> <rank><![CDATA[250]]></rank> </item> </data>